id,title,poster_path
278,The Shawshank Redemption,/q6y0Go1tsGEsmtFryDOJo3dEmqu.jpg
238,The Godfather,/3bhkrj58Vtu7enYsRolD1fZdja1.jpg
240,The Godfather Part II,/hek3koDUyRQk7FIhPXsa6mT2Zc3.jpg
424,Schindler's List,/sF1U4EUQS8YHUYjNl3pMGNIQyr0.jpg
389,12 Angry Men,/ow3wq89wM8qd5X7hWKxiRfsFf9C.jpg
129,Spirited Away,/39wmItIWsg5sZMyRUHLkWBcuVCM.jpg
19404,Dilwale Dulhania Le Jayenge,/lfRkUr7DYdHldAqi3PwdQGBRBPM.jpg
155,The Dark Knight,/qJ2tW6WMUDux911r6m7haRef0WH.jpg
496243,Parasite,/7IiTTgloJzvGI1TAYymCfbfl3vT.jpg
497,The Green Mile,/8VG8fDNiy50H4FedGwdSVUPoaJe.jpg
372058,Your Name.,/q719jXXEzOoYaps6babgKnONONX.jpg
680,Pulp Fiction,/d5iIlFn5s0ImszYzBPb8JPIfbXD.jpg
122,The Lord of the Rings: The Return of the King,/rCzpDGLbOoPwLjy3OAm5NUPOTrC.jpg
13,Forrest Gump,/arw2vcBveWOVZr6pxd9XTd1TdQa.jpg
769,GoodFellas,/aKuFiU82s5ISJpGZp7YkIr3kCUd.jpg
429,"The Good, the Bad and the Ugly",/bX2xnavhMYjWDoZp1VM6VnU1xwe.jpg
12477,Grave of the Fireflies,/k9tv1rXZbOhH7eiCk378x61kNQ1.jpg
346,Seven Samurai,/8OKmBV5BUFzmozIC3pPWKHy17kx.jpg
637,Life Is Beautiful,/6tEJnof1DKWPnl5lzkjf0FVv7oB.jpg
11216,Cinema Paradiso,/8SRUfRUi6x4O68n0VCbDNRa6iGL.jpg
550,Fight Club,/pB8BM7pdSp6B6Ih7QZ4DrQ3PmJK.jpg
598,City of God,/k7eYdWvhYQyRQoU2TB2A2Xu2TfD.jpg
539,Psycho,/yz4QVqPx3h1hD1DfqqQkCq3rmxW.jpg
696374,Gabriel's Inferno,/oyG9TL7FcRP4EZ9Vid6uKzwdndz.jpg
568332,Taylor Swift: Reputation Stadium Tour,/u6oXUTtOuJRPdUgUuPAVVJPSKCo.jpg
372754,Dou kyu sei – Classmates,/cIfRCA5wEvj9tApca4UDUagQEiM.jpg
157336,Interstellar,/gEU2QniE6E77NI6lCU6MxlNBvIx.jpg
311,Once Upon a Time in America,/i0enkzsL5dPeneWnjl1fCWm6L7k.jpg
667257,Impossible Things,/t2Ew8NZ8Ci2kqmoecZUNQUFDJnQ.jpg
510,One Flew Over the Cuckoo's Nest,/3jcbDmRFiQ83drXNOvRDeKHxS0C.jpg
724089,Gabriel's Inferno: Part II,/x5o8cLZfEXMoZczTYWLrUo1P7UJ.jpg
120,The Lord of the Rings: The Fellowship of the Ring,/6oom5QYQ2yQTMJIbnvbkBL9cHo6.jpg
324857,Spider-Man: Into the Spider-Verse,/iiZZdoQBEYBv6id8su7ImL0oCbD.jpg
255709,Hope,/x9yjkm9gIz5qI5fJMUTfBnWiB2o.jpg
4935,Howl's Moving Castle,/6pZgH10jhpToPcf0uvyTCPFhWpI.jpg
40096,A Dog's Will,/imcOp1kJsCsAFCoOtY5OnPrFbAf.jpg
761053,Gabriel's Inferno: Part III,/fYtHxTxlhzD4QWfEbrC1rypysSD.jpg
620249,The Legend of Hei,/aLv87NgRJUPkQ6sVLP72IisDdt4.jpg
121,The Lord of the Rings: The Two Towers,/5VTN0pR8gcqV3EPUHHfMGnJYN9L.jpg
1891,The Empire Strikes Back,/nNAeTmF4CtdSgMDplXTDPOpYzsX.jpg
378064,A Silent Voice: The Movie,/tuFaWiqX0TXoWu7DGNcmX3UW7sT.jpg
244786,Whiplash,/7fn624j5lj3xTme2SgiLCeuedmO.jpg
423,The Pianist,/2hFvxCCWrTmCYwfy7yum0GKRi3Y.jpg
569094,Spider-Man: Across the Spider-Verse,/8Vt6mWEReuy4Of61Lnj5Xj704m8.jpg
14537,Harakiri,/5konZnIbcAxZjP616Cz5o9bKEfW.jpg
807,Se7en,/6yoghtyTpznpBik8EngEmJskVUO.jpg
27205,Inception,/oYuLEt3zVCKq57qu2F8dT7NIa6f.jpg
820067,The Quintessential Quintuplets Movie,/sg7klpt1xwK1IJirBI9EHaqQwJ5.jpg
567,Rear Window,/ILVF0eJxHMddjxeQhswFtpMtqx.jpg
274,The Silence of the Lambs,/uS9m8OBk1A8eM9I042bx8XXpqAq.jpg
73,American History X,/euypWkaYFOLW3e5rLIcTAjWnhhT.jpg
92321,Hotarubi no Mori e,/mDqzHV8UXWWNpZkoAbKmKX1ZxEE.jpg
128,Princess Mononoke,/cMYCDADoLKLbB83g4WnJegaZimC.jpg
914,The Great Dictator,/1QpO9wo7JWecZ4NiBuu625FiY1j.jpg
1139087,Once Upon a Studio,/hr8ZtwdbtjBquxlTCrczr685K5T.jpg
599,Sunset Boulevard,/sC4Dpmn87oz9AuxZ15Lmip0Ftgr.jpg
18491,Neon Genesis Evangelion: The End of Evangelion,/j6G24dqI4WgUtChhWjfnI4lnmiK.jpg
644479,Dedicated to my ex,/xc4bTXVwYNXi10jG9dwcaYt5IpU.jpg
105,Back to the Future,/fNOH9f1aA7XRTzl1sAOx9iF553Q.jpg
207,Dead Poets Society,/hmGAF5NDoYB6S39UONevjHCESOI.jpg
101,Léon: The Professional,/yI6X2cCM5YPJtxMhUd3dPGqDAhw.jpg
1026227,There's Still Tomorrow,/4Hi7yjiQjokEDStT1MOj5rPgRfW.jpg
652837,"Josee, the Tiger and the Fish",/xAbSLi61npWyVs5M0yxin3dKcGO.jpg
3782,Ikiru,/dgNTS4EQDDVfkzJI5msKuHu2Ei3.jpg
10494,Perfect Blue,/6WTiOCfDPP8XV4jqfloiVWf7KHq.jpg
995133,"The Boy, the Mole, the Fox and the Horse",/oQRgyQCzcyZvE6w5heM9ktVY0LT.jpg
3082,Modern Times,/uEMekS25hwXrCJOZZ3NKMGcAFJo.jpg
12493,High and Low,/tgNjemQPG96uIezpiUiXFcer5ga.jpg
901,City Lights,/bXNvzjULc9jrOVhGfjcc64uKZmZ.jpg
25237,Come and See,/qNbMsKVzigERgJUbwf8pKyZogpb.jpg
335,Once Upon a Time in the West,/qbYgqOczabWNn2XKwgMtVrntD6P.jpg
447362,Life in a Year,/bP7u19opmHXYeTCUwGjlLldmUMc.jpg
28,Apocalypse Now,/gQB8Y5RCMkv2zwzFHbUJX3kAhvA.jpg
77338,The Intouchables,/1QU7HKgsQbGpzsJbJK4pAVQV9F5.jpg
29259,Le Trou,/8kxtOm7D992iAaOzUoWmNQwbXjs.jpg
16672,Woman in the Dunes,/f0JpsMQ9oEjKBD66Ky3qK3z7LGT.jpg
975,Paths of Glory,/p7OHwomA8UOhe3EhckF2IetBTh9.jpg
527641,Five Feet Apart,/kreTuJBkUjVWePRfhHZuYfhNE1T.jpg
1585,It's a Wonderful Life,/mV3VcmMJN6Zwahj42dy9WwPUyRI.jpg
637920,Miracle in Cell No. 7,/bOth4QmNyEkalwahfPCfiXjNh1r.jpg
533514,Violet Evergarden: The Movie,/fwSonK8WrAEqWY7sqjvGRCgzIij.jpg
670,Oldboy,/pWDtjs568ZfOTMbURQBYuT4Qxka.jpg
632632,Given,/3trPz7muDOv4AHjDZiD3MLGls2Q.jpg
10376,The Legend of 1900,/iOcbJ5pxokOPDRgieVDbsFMrCc6.jpg
299534,Avengers: Endgame,/or06FN3Dka5tukK1e9sl16pB3iy.jpg
630566,Clouds,/d0OdD1I8qAfETvE9Rp9Voq7R8LR.jpg
8587,The Lion King,/sKCr78MXSLixwmZ8DyJLrpMsd15.jpg
283566,Evangelion: 3.0+1.0 Thrice Upon a Time,/md5wZRRj8biHrGtyitgBZo7674t.jpg
508965,Klaus,/q125RHUDgR4gjwh1QkfYuJLYkL.jpg
299536,Avengers: Infinity War,/7WsyChQLEftFiDOVTGkv3hFpyyt.jpg
315162,Puss in Boots: The Last Wish,/kuf6dutpsT0vSVehic3EZIqkOBt.jpg
265177,Mommy,/xSHQdtjBf74h3Km5N2QJK8STPrK.jpg
490132,Green Book,/7BsvSuDQuoqhWmU2fL7W2GOcZHU.jpg
618344,Justice League Dark: Apokolips War,/c01Y4suApJ1Wic2xLmaq1QYcfoZ.jpg
504253,I Want to Eat Your Pancreas,/qpV8kvRfAntV7D4aOOsLIz7OdPc.jpg
635302,Demon Slayer -Kimetsu no Yaiba- The Movie: Mugen Train,/h8Rb9gBr48ODIwYUttZNYeMWeUU.jpg
290098,The Handmaiden,/dLlH4aNHdnmf62umnInL8xPlPzw.jpg
42269,We All Loved Each Other So Much,/zGGWYpiKNwjpKxelPxOMqJnUgDs.jpg
572154,Rascal Does Not Dream of a Dreaming Girl,/gsRpizQa3fw1um8v7EvFVXvxD6u.jpg
361743,Top Gun: Maverick,/62HCnUTziyWcpDaBO2i1DX17ljH.jpg
20334,The Shop Around the Corner,/dZ1aEzGYRiqJwPfjS6VL7wUkHmF.jpg
110420,Wolf Children,/3Nllh6JgcrFdtOn6iFOWHudNInd.jpg
16869,Inglourious Basterds,/7sfbEnaARXDDhKm0CZ7D7uc2sbo.jpg
24188,Il Sorpasso,/4h1ckrJQVcQYjeOkqS8i9BqZ9MI.jpg
694,The Shining,/nRj5511mZdTl4saWEPoj9QroTIu.jpg
98,Gladiator,/ty8TGRuvJLPUmAR1H1nRIsgwvim.jpg
556574,Hamilton,/h1B7tW0t399VDjAcWJh8m87469b.jpg
354912,Coco,/gGEsBPAijhVUFoiNpgZXqRVWJt2.jpg
851644,20th Century Girl,/od22ftNnyag0TTxcnJhlsu3aLoU.jpg
37257,Witness for the Prosecution,/bCj4EfuehAlgBwVd3diyWyhuuau.jpg
857,Saving Private Ryan,/uqx37cS8cpHg8U35f9U5IBlrCV3.jpg
284,The Apartment,/hhSRt1KKfRT0yEhEtRW3qp31JFU.jpg
603,The Matrix,/f89U3ADr1oiB1s9GkdPOEpXUk5H.jpg
522924,The Art of Racing in the Rain,/mi5VN4ww0JZgRFJIaPxxTGKjUg7.jpg
537061,Steven Universe: The Movie,/8mRgpubxHqnqvENK4Bei30xMDvy.jpg
441130,Wolfwalkers,/ehAKuE48okTuonq6TpsNQj8vFTC.jpg
654299,Out of the Clear Blue Sky,/xg6QZdlHrq2dtSK8cfnQQMnmpeY.jpg
610892,Violet Evergarden: Eternity and the Auto Memory Doll,/zjaSw6Ok0MhXjrruPrA27VHyUYC.jpg
185,A Clockwork Orange,/4sHeTAp65WrSSuc05nRBKddhBxO.jpg
797,Persona,/oTHFti7jXEhw6EJhFPrIiQMcRiQ.jpg
810693,Jujutsu Kaisen 0,/23oJaeBh0FDk2mQ2P240PU9Xxfh.jpg
5156,Bicycle Thieves,/rLpveWO1hTNYF9LUZJZgTdq5nyf.jpg
11,Star Wars,/6FfCtAuVAW8XJjZ7eWeLibRLWTw.jpg
50014,The Help,/3kmfoWWEc9Vtyuaf9v5VipRgdjx.jpg
26451,Investigation of a Citizen Above Suspicion,/vPTZwlq1IC4o1DCsEZEl2uGljzm.jpg
11324,Shutter Island,/4GDy0PHYX3VRXUtwK5ysFbg3kEx.jpg
1124,The Prestige,/bdN3gXuIZYaJP7ftKK2sU0nPtEA.jpg
490,The Seventh Seal,/j6z3c6dGXtPHUATJX8J7Y70mM1S.jpg
324786,Hacksaw Ridge,/wuz8TjCIWR2EVVMuEfBnQ1vuGS3.jpg
629,The Usual Suspects,/99X2SgyFunJFXGAYnDv3sb9pnUD.jpg
77,Memento,/yuNs09hvpHVU1cBTCAk9zxsL2oW.jpg
313106,Doctor Who: The Day of the Doctor,/yxLra5R61s5J4M5L3mqOY42K5md.jpg
476292,Maquia: When the Promised Flower Blooms,/hL3NqRE2ccR4Y2sYSJTrmalRjrz.jpg
592350,My Hero Academia: Heroes Rising,/zGVbrulkupqpbwgiNedkJPyQum4.jpg
92060,Michael Jackson's Thriller,/dYHGoPMkZMVuBA4EydmDQMo1EEv.jpg
10098,The Kid,/drgMcyTsySQBnUPGaBThCHGdlWT.jpg
575813,Better Days,/csVZ2ZQCj98XdZoCuW1aixMYJ0W.jpg
18148,Tokyo Story,/g2YbTYKpY7N2yDSk7BfXZ18I5QV.jpg
620683,My Mom Is a Character 3,/zw77BFPGJ73Lig8GwRzYj1XHq53.jpg
68718,Django Unchained,/7oWY8VDWW7thTzWh3OKYRkWUlD5.jpg
791373,Zack Snyder's Justice League,/tnAuB8q5vv7Ax9UAEje5Xi4BXik.jpg
133919,Scenes from a Marriage,/ArKEdvJesIktFX8OAhcdKAOLl6I.jpg
426,Vertigo,/15uOEfqBNTVtDUT7hGBVCka0rZz.jpg
20941,Innocent Voices,/hvwB4LdMCLzqXsk5ZjR77vzPkGk.jpg
422,8½,/tMWvzPsvpmlklcPVjVLpUWgZHua.jpg
1422,The Departed,/nT97ifVT2J1yMQmeq20Qblg61T.jpg
872,Singin' in the Rain,/w03EiJVHP8Un77boQeE7hg9DVdU.jpg
289,Casablanca,/5K7cOHoay2mZusSLezBOY0Qxh8a.jpg
111,Scarface,/iQ5ztdjvteGeboxtmRdXEChJOHh.jpg
1398,Stalker,/rem87AyEochEuhn9VvAGoMQpigz.jpg
517814,Capernaum,/mFnfTVADj8yOxwzprYOmTPselk8.jpg
475557,Joker,/udDclJoHjfjb8Ekgsd4FDteOkCU.jpg
55823,The Great War,/aDvKsUb5y7GMNMz2HHNtuGww5t8.jpg
606856,Togo,/921q4gPNN4J6UxvKaw6SCNBe3F8.jpg
531428,Portrait of a Lady on Fire,/2LquGwEhbg3soxSCs9VNyh5VJd9.jpg
398818,Call Me by Your Name,/mZ4gBdfkhP9tvLH1DO4m4HYtiyi.jpg
399106,Piper,/rfEkkVzmrMYqGezNLl02mVyJCP2.jpg
103,Taxi Driver,/ekstpH614fwDX8DUln1a2Opz0N8.jpg
489,Good Will Hunting,/bABCBKYBK7A5G1x0FzoeoNfuj2.jpg
458220,Palmer,/xSDdRAjxKAGi8fUBLOqSrBhJmF0.jpg
666,Central Station,/zJvp7XjQ2LhPbDVYhFXyucs40vR.jpg
348,Alien,/vfrQk5IPloGg1v9Rzbh2Eg3VGyM.jpg
81481,Silenced,/mbMp0oIFmYnw0i5gzRoKt8cH5ve.jpg
762975,Purple Hearts,/4JyNWkryifWbWXJyxcWh3pVya6N.jpg
20532,Sansho the Bailiff,/ffMCNNYiTCdkhMQoNSX17urqWiz.jpg
19,Metropolis,/pxbGZewX327IbTvrCVRJgcLJTSQ.jpg
406997,Wonder,/sONh3LYGFcVDTy8pm1tbSOB13Li.jpg
470044,The Hate U Give,/2icwBom0t5nmOuZI9FVXF3gkMK0.jpg
600354,The Father,/uxWXW1YYQENSv7OzHB4Hds0bK3b.jpg
20914,My Friends,/8Pm8SLjq2UHCwisd56ipHtzvZI1.jpg
508442,Soul,/hm58Jw4Lw8OIeECIq5qyPYhAeRJ.jpg
37165,The Truman Show,/vuza0WqY239yBXOadKlGwJsZJFE.jpg
600,Full Metal Jacket,/kMKyx1k8hWWscYFnPbnxxN4Eqo4.jpg
755812,"Miraculous World: New York, United HeroeZ",/9YbyvcrHmY2SVbdfXpb8mC4Fy0g.jpg
500,Reservoir Dogs,/xi8Iu6qyTfyZVDVy60raIOYJJmk.jpg
555604,Guillermo del Toro's Pinocchio,/vx1u0uwxdlhV2MUzj4VlcMB0N6m.jpg
614,Wild Strawberries,/iyTD2QnySNMPUPE3IedZQipSWfz.jpg
2457,Children of Paradise,/yiy9stl1jjVhW44ypkWMFDT8Ix3.jpg
411088,The Invisible Guest,/fptnZJbLzKUHeNlYrAynbyoL5YJ.jpg
935,Dr. Strangelove or: How I Learned to Stop Worrying and Love the Bomb,/7SixLzxcqezkZEYU8pcHZgbkmjp.jpg
100,"Lock, Stock and Two Smoking Barrels",/wt2TRBmFmBn5M5MBcPTwovlREaB.jpg
792307,Poor Things,/kCGlIMHnOm8JPXq3rXM6c5wMxcT.jpg
439,La Dolce Vita,/11hMHhThUb53fHoDDyn5LUsw0Z.jpg
872585,Oppenheimer,/ptpr0kGAckfQkJeJIt8st5dglvd.jpg
38288,I corti,/y3hEulMYSTQuvmI5jBTyWrcvJQX.jpg
996,Double Indemnity,/kkfKLeOTo7RjS9TxHKpknlL7huS.jpg
532067,KONOSUBA – God's blessing on this wonderful world! Legend of Crimson,/fv5BgcfkpWh3V6Pb1qVlXESBOdl.jpg
626332,Flamin' Hot,/a7KyFMPXj0iY4EoLq1PIGU1WJPw.jpg
664767,Mortal Kombat Legends: Scorpion's Revenge,/4VlXER3FImHeFuUjBShFamhIp9M.jpg
518068,Along with the Gods: The Last 49 Days,/9BnqBHFGDv3WlCPB2qQwzAWdy7y.jpg
843,In the Mood for Love,/iYypPT4bhqXfq1b6EnmxvRt6b2Y.jpg
9702,Bound by Honor,/gvP6R6juhe2IpCG7QGDgjyUvm0g.jpg
705,All About Eve,/6numIZH6uR3NlJgY9m7nGH0jhs.jpg
280,Terminator 2: Judgment Day,/5M0j0B18abtBI5gi2RhfjjurTqb.jpg
655,"Paris, Texas",/7G6ea5djDvCxfqfoMAX8479T4UB.jpg
548,Rashomon,/vL7Xw04nFMHwnvXRFCmYYAzMUvY.jpg
640344,Me Against You: Mr. S's Vendetta,/sfeQTIRkJjWt8IPDSBcPqkrcaas.jpg
472454,Ayla: The Daughter of War,/dETDsjBNtWyzdrqi0DFSielMWk5.jpg
239,Some Like It Hot,/hVIKyTK13AvOGv7ICmJjK44DTzp.jpg
550776,Believe Me: The Abduction of Lisa McVey,/qbJEzCzEKDHPZDiRvSSBiYEKaAH.jpg
103663,The Hunt,/jkixsXzRh28q3PCqFoWcf7unghT.jpg
46738,Incendies,/32AMaBXEKALH0x5lvEGxjqjDSBQ.jpg
11878,Yojimbo,/tN7kYPjRhDolpui9sc9Eq9n5b2O.jpg
38,Eternal Sunshine of the Spotless Mind,/5MwkWH9tYHv3mV9OdYTMR5qreIz.jpg
12445,Harry Potter and the Deathly Hallows: Part 2,/c54HpQmuwXjHq2C9wmoACjxoom3.jpg
24382,Big Deal on Madonna Street,/f5OxD8Nl0pR3DcYHtYhHRfpsmjl.jpg
663558,New Gods: Nezha Reborn,/sezNkk9HifNJW3pC5SU2XqMKgSJ.jpg
146233,Prisoners,/jsS3a3ep2KyBVmmiwaz3LvK49b1.jpg
406,La Haine,/kZ48vGGgH0dWNGOAhWRLoe1jOLN.jpg
832,M,/slsS6jT6SXjcTPOrsFcLIrHboXA.jpg
823754,Bo Burnham: Inside,/ku1UvTWYvhFQbSesOD6zteY7bXT.jpg
4348,Pride & Prejudice,/sGjIvtVvTlWnia2zfJfHz81pZ9Q.jpg
387,Das Boot,/jKtveT7JuLu5jnaFaKOmSEY8X3H.jpg
10681,WALL·E,/hbhFnRzzg6ZDmm8YAmxBnQpQIPh.jpg
7345,There Will Be Blood,/fa0RDkAlCec0STeMNAhPaF89q6U.jpg
3780,Red Beard,/fo800fRcWtl3Zhs6tPHfXP4KBak.jpg
906126,Society of the Snow,/2e853FDVSIso600RqAMunPxiZjq.jpg
992,Sherlock Jr.,/1G9r3rqtbFAQuyWKOZm4Y5J5s7Q.jpg
334543,Lion,/iBGRbLvg6kVc7wbS8wDdVHq6otm.jpg
397567,Along with the Gods: The Two Worlds,/gJSvIsI6oQfFim0PGyuuiCYfqKs.jpg
359940,"Three Billboards Outside Ebbing, Missouri",/pZRhqJj0DBy4ghB7g6pU7MGHsWJ.jpg
11645,Ran,/jQnUtWaHYfqnXPOIf77K7Ycqk4M.jpg
62,2001: A Space Odyssey,/ve72VxNqjGM69Uky4WTo2bK6rfq.jpg
149871,The Tale of The Princess Kaguya,/cQidJuA546OSSXKWXoiCeINDxuj.jpg
400608,Bo Burnham: Make Happy,/dqHTk96sbQI2En5HJIsgelWi5Cv.jpg
437068,A Taxi Driver,/iXVaWbxmyPk4KZGZk5GGDGFieMX.jpg
8392,My Neighbor Totoro,/rtGDOeG9LzoerkDGZF9dnVeLppL.jpg
11423,Memories of Murder,/lp3Qzzq1zzy6ToJul9DGBBd8ua1.jpg
8422,Rocco and His Brothers,/pngL8AraChIDOiWnKF2o3S9kJzJ.jpg
831827,Far from the Tree,/39oaQUS0KxyXL6KYJ2o2u03PpHz.jpg
147,The 400 Blows,/12PuU23kkDLvTd0nb8hMlE3oShB.jpg
1000492,All Your Faces,/ptJWIUOm3aA15rjz5SJJwS6WJU4.jpg
21634,Prayers for Bobby,/1viFwXluAettogGDsTrSUUg29lZ.jpg
930094,"Red, White & Royal Blue",/uffOY4W354o9RTRmercFyVvl56Z.jpg
381284,Hidden Figures,/9lfz2W2uGjyow3am00rsPJ8iOyq.jpg
1091,The Thing,/tzGY49kseSE9QAKk47uuDGwnSCu.jpg
11659,The Best of Youth,/ltmcFRvTeAgBgMLUGa15KzDSQqs.jpg
678512,Sound of Freedom,/qA5kPYZA7FkVvqcEfJRoOy4kpHg.jpg
800,The Young and the Damned,/3bdfN2gosYSxpHBAXPkAhxkUJFr.jpg
7347,Elite Squad,/lwIXz785N2fXi8hsBr1IXciFlkM.jpg
638507,How to Train Your Dragon: Homecoming,/kXj2Qrfm994yLeuADqbOieU1mUH.jpg
522518,A Dog's Journey,/wquJChp0NpoqthYdE3YjXNNxvVC.jpg
120467,The Grand Budapest Hotel,/eWdyYQreja6JGCzqHWXpWHDrrPo.jpg
610461,"Veinteañera, Divorciada y Fantástica",/oSbCdDI0SAAOdywGe0YVO2iDdV9.jpg
538362,On My Skin,/rwPgE6fLxuJmPWi8fFjgENJMAjr.jpg
1955,The Elephant Man,/3SInR81qnXjY7Or5qXyiQLmWfEh.jpg
42229,A Special Day,/jzRn7N1mFowkQ5IkUkfWoxXJtYU.jpg
26022,My Name Is Khan,/5Y36lCiNyyV71mjq6LavgiggbhT.jpg
785534,Paper Lives,/cmru6N6Hnw2pJwuo1ctH1CxKqKZ.jpg
279,Amadeus,/1n5VUlCqgmVax1adxGZm8oCFaKc.jpg
310569,The Second Mother,/u1tDQun2iJAzersd94S8P47WEOL.jpg
106646,The Wolf of Wall Street,/34m2tygAYBGqA9MXKhRDtzYd4MR.jpg
449176,"Love, Simon",/5YUYg5q7QfC4IoNwNUtiwdiYKPr.jpg
337404,Cruella,/wToO8opxkGwKgSfJ1JK8tGvkG6U.jpg
400928,Gifted,/7YB2YrMwIm1g8FyZtlvmVDfRnAT.jpg
895,Andrei Rublev,/910xRIUmNJrWH2hkQifBJtoPp5R.jpg
821,Judgment at Nuremberg,/cqumfgd74ftVzOKJpFGOG64WlXL.jpg
515001,Jojo Rabbit,/7GsM4mtM0worCtIVeiQt28HieeN.jpg
264644,Room,/dIxoYFcj6EqD5KScuU8lWCftnvH.jpg
582,The Lives of Others,/cVUDMnskSc01rdbyH0tLATTJUdP.jpg
204,The Wages of Fear,/d1VEnsFO7YcEc5gRqKXu2Bq2MMJ.jpg
1010581,My Fault,/w46Vw536HwNnEzOa7J24YH9DPRS.jpg
678580,El mesero,/zvGC5jX5wQmU1GgPc0VGZz7Mtcs.jpg
20530,Late Spring,/iNtRSY2AGjW1VDXDR79bKsNUdus.jpg
641,Requiem for a Dream,/nOd6vjEmzCT0k4VYqsA2hwyi87C.jpg
429210,Bingo: The King of the Mornings,/1ddIxZW72MjnPA2cls8gCGMPp5d.jpg
55960,"Toto, Peppino, and the Hussy",/rHsc35TLPliJAvbnmu8dvddiu96.jpg
673,Harry Potter and the Prisoner of Azkaban,/aWxwnYoe8p2d2fcxOqtvAtJ72Rw.jpg
14,American Beauty,/wby9315QzVKdW9BonAefg8jGTTb.jpg
9277,The Sting,/ckmYng37zey8INYf6d10cVgIG93.jpg
938,For a Few Dollars More,/ooqASvA7qxlTVKL3KwOzBwy57Dh.jpg
521,Dial M for Murder,/2gDCAgl2iBQNuJuk6p2xtuS1ewg.jpg
526702,Black Beauty,/5ZjMNJJabwBEnGVQoR2yoMEL9um.jpg
339877,Loving Vincent,/56sq57kDm7XgyXBYrgJLumo0Jac.jpg
524,Casino,/4TS5O1IP42bY2BvgMxL156EENy.jpg
110416,Song of the Sea,/3DBX7QOEzWPNcDhqXInk6GBEvhK.jpg
11778,The Deer Hunter,/bbGtogDZOg09bm42KIpCXUXICkh.jpg
307,"Rome, Open City",/ijGV4v8JxgbNzgEhqKdzHdaZn8a.jpg
28178,Hachi: A Dog's Tale,/lsy3aEsEfYIHdLRk4dontZ4s85h.jpg
5801,Pather Panchali,/2pZR9zmUzsblDLE5ndBe57ScqIi.jpg
359724,Ford v Ferrari,/dR1Ju50iudrOh3YgfwkAU1g2HZe.jpg
205596,The Imitation Game,/zSqJ1qFq8NXFfi7JeIYMlzyR0dx.jpg
15,Citizen Kane,/sav0jxhqiH0bPr2vZFU0Kjt2nZL.jpg
455661,In a Heartbeat,/wJUJROdLOtOzMixkjkx1aaZGSLl.jpg
3175,Barry Lyndon,/dOJtBSyI30wWc08UmyEKLsu4Rfk.jpg
28422,Love Exposure,/3QSGUdzG374H7pOxIdKNBpeLEUk.jpg
25376,The Secret in Their Eyes,/dkeAwfZzwL3WvToydE3CXiY80E0.jpg
12761,Autumn Sonata,/6beNbtCXv3GkzHkxkGYf38ib7v8.jpg
962,The Gold Rush,/eQRFo1qwRREYwj47Yoe1PisgOle.jpg
140420,Paperman,/6MXYNvGmI63W8fI3HKlcZzEy1U5.jpg
43949,Flipped,/6zDYFigohwncqFL00MKbFV01dWb.jpg
595,To Kill a Mockingbird,/oe88ZKHH1g0HWl7oReFpHTIryiJ.jpg
28978,The Circus,/3FywbVq2qGqbYHPCy2NJcOf0gmp.jpg
947,Lawrence of Arabia,/AiAm0EtDvyGqNpVoieRw4u65vD1.jpg
13223,Gran Torino,/zUybYvxWdAJy5hhYovsXtHSWI1l.jpg
11104,Chungking Express,/43I9DcNoCzpyzK8JCkJYpHqHqGG.jpg
7508,Like Stars on Earth,/fwXhw9bERqKrJfJK6WGakPIh3FS.jpg
780,The Passion of Joan of Arc,/8OYGtQlO8k9PcOm49apV62eVJQo.jpg
530915,1917,/iZf0KyrE25z1sage4SYFLCCrMi9.jpg
20453,3 Idiots,/66A9MqXOyVFCssoloscw79z8Tew.jpg
568160,Weathering with You,/qgrk7r1fV4IjuoeiGS5HOhXNdLJ.jpg
424694,Bohemian Rhapsody,/lHu1wtNaczFPGFDTrjCSzeLPTKN.jpg
414419,Kill Bill: The Whole Bloody Affair,/nxbv9TPXrIpRKB5xQh6atWXAkPM.jpg
916224,Suzume,/oNbCAM3UVJamxRFd5hUt686aqb2.jpg
615457,Nobody,/oBgWY00bEFeZ9N25wWVyuQddbAo.jpg
12104,Pink Floyd: The Wall,/aElHyIdF5jmctFGhlhhaPFsbBJC.jpg
18438,Castaway on the Moon,/gGzovvmOEyNVUu4WEHtw9wfDsqI.jpg
9764,Dersu Uzala,/bIOrDQ3Gg68k3qJAnRU7nIZr0BW.jpg
19426,Nights of Cabiria,/xF4oCG3PLNbcrtPZbqB3BtkIbKg.jpg
2517,Nobody Knows,/kDUUdWrbBBVqzSmm27pHFJcTvCU.jpg
213,North by Northwest,/i3g0KIoXYx5RvyVaraYx9n2LCli.jpg
447365,Guardians of the Galaxy Vol. 3,/r2J02Z2OpNTctfOSN1Ydgii51I3.jpg
11658,Tae Guk Gi: The Brotherhood of War,/vyG8qpimh3XSlxc6OmPq8LJRJl.jpg
554596,No Manches Frida 2,/rG7rDoTe1ZEa936eonDCkV76nkx.jpg
1396,Mirror,/AttDP5OEsMxtHPPN7Z92p2Ntnmd.jpg
640,Catch Me If You Can,/ctjEj2xM32OvBXCq8zAdK3ZrsAj.jpg
634649,Spider-Man: No Way Home,/5weKu49pzJCt06OPpjvT80efnQj.jpg
488623,Forgotten,/cBgj41y1RvmW1zJCEX0uNWL0UjW.jpg
19542,The Red Shoes,/5NuMQd17KZx0lCxedJoIuFnt7li.jpg
862,Toy Story,/uXDfjJbdP4ijW5hWSBrPrlKpxab.jpg
574074,Kitbull,/mwKO3cZbxipgd9QAPboJVTDLPiN.jpg
315465,The Boy and the Beast,/kzKJxfIdZ70nsPfKyq7hlYlJwSx.jpg
10515,Castle in the Sky,/41XxSsJc5OrulP0m7TrrUeO2hoz.jpg
627,Trainspotting,/y0HmDV0bZDTtXWHqqYYbT9XoshB.jpg
76,Before Sunrise,/kf1Jb1c2JAOqjuzA3H4oDM263uB.jpg
24,Kill Bill: Vol. 1,/v7TaX8kXMXs5yFFGR41guUDNcnB.jpg
3090,The Treasure of the Sierra Madre,/pWcst7zVbi8Z8W6GFrdNE7HHRxL.jpg
14696,Ugetsu,/7Kk1ZsrAul2Lg7Pe45XOcUf2ARQ.jpg
160885,Tel chi el telùn,/xzwvX79gzo6CuKE6VZCaPzp1ljg.jpg
38286,Three Men and a Leg,/2iVqgn6vnxDYqbRh7u15Q4XgG2M.jpg
1580,Rope,/b26XeLSqZpC807rPvAvGgQM2c3c.jpg
15383,Army of Shadows,/aqNZWM9bspt8zaDvVRIRiWxRVJ7.jpg
770,Gone with the Wind,/lNz2Ow0wGCAvzckW7EOjE03KcYv.jpg
426618,Where Hands Touch,/omKzydOrom9kpdfQUE0G9Y9sPl0.jpg
14160,Up,/vpbaStTMt8qqXaEgnOR2EE4DNJk.jpg
920394,My Father's Violin,/bwvoSRyXRRqtpvoHYhySQk2U4EM.jpg
1059,The Hidden Fortress,/1RTp3EZrKg7xj1HJK2x4Rqknnnu.jpg
961323,Nimona,/2NQljeavtfl22207D1kxLpa4LS3.jpg
378108,In This Corner of the World,/9Z4H4M2F8OQTB04YC1Opds8MFBb.jpg
28971,Limelight,/tDD11x3ZWCXXXwdpbGEU9uU4kh1.jpg
961,The General,/nIp4gIXogCjfB1QABNsWwa9gSca.jpg
70,Million Dollar Baby,/2ti3l1OeB8G94yyqfAI7nmMZUbA.jpg
776503,CODA,/BzVjmm8l23rPsijLiNLUzuQtyd.jpg
15244,A Man Escaped,/gkoZ8fFib24zhB2DKpjQ09SK9FU.jpg
745,The Sixth Sense,/4AfSDjjCy6T5LA1TMz0Lh2HlpRh.jpg
234,The Cabinet of Dr. Caligari,/myK9DeIsXWGKgUTZyGXg2IfFk0W.jpg
1578,Raging Bull,/snwFkbVGnRX9dcswxDPSBBEsN9r.jpg
20803,Ivan Vasilyevich Changes His Profession,/6f7vhvnma8sbO6821ShE5ViA3r8.jpg
149,Akira,/neZ0ykEsPqxamsX6o5QNUFILQrz.jpg
76203,12 Years a Slave,/xdANQijuNrJaw1HA61rDccME4Tm.jpg
329,Jurassic Park,/oU7Oq2kFAAlGqbU4VoAE36g4hoI.jpg
237791,The Way He Looks,/vrcExEZLBuEQMpZw9SC47MurzYZ.jpg
29264,The Exterminating Angel,/dqaeUgLOWFbpEkEKzwAZgAcZMMO.jpg
5925,The Great Escape,/gBH4H8UMFxl139HaLz6lRuvsel8.jpg
654,On the Waterfront,/fKjLZy9W8VxMOp5OoyWojmLVCQw.jpg
10238,Cries and Whispers,/a1bMgB09YDvvRN9SitCclUYragr.jpg
38360,The Cranes Are Flying,/foXYOdXEJ0rvtTDo4LLnsUnvPLB.jpg
197,Braveheart,/or1gBugydmjToAEq7OZY0owwFk.jpg
11712,Sanjuro,/zW47oIH3bc3ggmmmzTvKqM4Fqjk.jpg
1092,The Third Man,/oIF3l7Dxp7Eyye10BNyM611wtKa.jpg
242828,When Marnie Was There,/at7lShVfMdohEzC1VZYTZXY0hzP.jpg
6977,No Country for Old Men,/bj1v6YKF8yHqA489VFfnQvOJpnc.jpg
615453,Ne Zha,/phM9bb6s9c60LA8qwsdk7U1N2cS.jpg
482321,Ron's Gone Wrong,/plzgQAXIEHm4Y92ktxU6fedUc0x.jpg
41050,La Notte,/oMXUmRs774wKN4MpGLKtMSslgq5.jpg
714888,"Argentina, 1985",/u0TFD4YFMfYtNSLxfbWq5cg0KIh.jpg
679,Aliens,/r1x5JGpyqZU8PYhbs4UcrO1Xb6x.jpg
3777,Throne of Blood,/zaZFMNxJST0TtPd68yF7fNt1he8.jpg
10386,The Iron Giant,/mThOw5rXLtdbY3WmuTsS9zsQBMG.jpg
78,Blade Runner,/63N9uy8nd9j7Eog2axPQ8lbr3Wj.jpg
550205,Wish Dragon,/lnPf6hzANL6pVQTxUlsNYSuhT5l.jpg
11010,The Postman,/cUaCpjVDefYShKyLmkcDsiPaBHn.jpg
775,A Trip to the Moon,/9o0v5LLFk51nyTBHZSre6OB37n2.jpg
81,Nausicaä of the Valley of the Wind,/tcrkfB8SRPQCgwI88hQScua6nxh.jpg
152532,Dallas Buyers Club,/7Fdh7gUq3plvQqxRbNYhWvDABXA.jpg
110,Three Colors: Red,/JHmsBiX1tjCKqAul1lzC20WcAW.jpg
980489,Gran Turismo,/51tqzRtKMMZEYUpSYkrUE7v9ehm.jpg
31411,The Cameraman,/prhMP7VVxpQTzOFIPsbnr41IDTN.jpg
405,La Strada,/xyisVfPrNybDieMp1nbCv6iBtdV.jpg
158445,Miracle in Cell No. 7,/wHh4Or1RVzgX2GSYYfEN5HcO6xQ.jpg
10242,What Ever Happened to Baby Jane?,/msGYzyWwtjAaA3DScdgmvJ5MReG.jpg
360814,Dangal,/cJRPOLEexI7qp2DKtFfCh7YaaUG.jpg
9323,Ghost in the Shell,/9gC88zYUBARRSThcG93MvW14sqx.jpg
142061,"Batman: The Dark Knight Returns, Part 2",/arEZYd6uMOFTILne9Ux0A8qctMe.jpg
21334,Children of Heaven,/jWqh1CJWAEcxckMRrf6ARhIEh0R.jpg
85,Raiders of the Lost Ark,/ceG9VzoRAVGwivFU403Wc3AHRys.jpg
10404,Raise the Red Lantern,/j6MGZpg55cTqlHHwahBtzI2qQg1.jpg
8290,Don't Look Now... We're Being Shot At!,/91l4Sf3WJwrb0tSVPsOqnBXG8E6.jpg
458302,"Remi, Nobody's Boy",/mQYXlxlUTmOP4FWt52qkZZb8JNM.jpg
37797,Whisper of the Heart,/5FROLD8zpWFs9ja7aYho1uOMJHg.jpg
491480,The Boy Who Harnessed the Wind,/yOr7RxHw15MMXNxGMXSmngDqHyI.jpg
296096,Me Before You,/Ia3dzj5LnCj1ZBdlVeJrbKJQxG.jpg
150540,Inside Out,/2H1TmgdfNtsKlU9jKdeNyYL5y8T.jpg
829,Chinatown,/mQJz8J4naOA7RmCtypTPjgXZIMY.jpg
122906,About Time,/iR1bVfURbN7r1C46WHFbwCkVve.jpg
404378,A Street Cat Named Bob,/nBYG0D2FcbL1m926sIj7RN4m0sb.jpg
10674,Mulan,/5TYgKxYhnhRNNwqnRAKHkgfqi2G.jpg
671,Harry Potter and the Philosopher's Stone,/wuMc08IPKEatf9rnMNXvIDxqP4W.jpg
33,Unforgiven,/54roTwbX9fltg85zjsmrooXAs12.jpg
501929,The Mitchells vs. the Machines,/mI2Di7HmskQQ34kz0iau6J1vr70.jpg
334533,Captain Fantastic,/2sFME73GaD8UsUxPUKe60cPdLif.jpg
49964,Where Is My Friend's House?,/aU9WdjwfKTiBsiIh9Vgjr4onhnD.jpg
7857,Amarcord,/kS7i093sQpkLTawUEdgf4HVOHSc.jpg
223,Rebecca,/1qz3qUOHnVy7dL7M7G8jSErxE4b.jpg
522402,Finch,/jKuDyqx7jrjiR9cDzB5pxzhJAdv.jpg
10997,Farewell My Concubine,/ySf9I93w6kJiaEb2T4zpoQjY8PR.jpg
1646,Freedom Writers,/81AdeUQT99N0xPg3j6RVh0YGOTk.jpg
552532,Charm City Kings,/8oiMFMarbRpcusASIX4cjVXoZKI.jpg
949,Heat,/umSVjVdbVwtx5ryCA2QXL44Durm.jpg
610150,Dragon Ball Super: Super Hero,/pi0iZOEHeA3ih4p1IwAG4x2DZNH.jpg
505262,My Hero Academia: Two Heroes,/hC4nTxdhXqFWzgqynGvvXVMiMNp.jpg
698948,Thirteen Lives,/yi5KcJqFxy0D6yP8nCfcF8gJGg5.jpg
118340,Guardians of the Galaxy,/r7vmZjiyZw9rpJMQJdXpjgiCOk9.jpg
2011,Persepolis,/aU8i2QAdTyRR1nYb36Gq51xXP8p.jpg
194,Amélie,/nSxDa3M9aMvGVLoItzWTepQ5h5d.jpg
47796,Mamma Roma,/8MysuFQesbESkulqAlsLHs8RXBz.jpg
7984,In the Name of the Father,/5HaQacOMOjA2wX1XnwnDd2VaXCf.jpg
455714,Bad Genius,/mgyvwqn5SYKhfg5kofZDfgH8R0q.jpg
726684,Miraculous World: Shanghai – The Legend of Ladydragon,/qQ0VKsGRQ2ofAmswGNzZnvC1xPE.jpg
2721,Z,/dFAJyFNgvOv24f2RQyI9KDxjGr3.jpg
597,Titanic,/9xjZS2rlVxm8SFx8kPC3aIGCOYQ.jpg
316029,The Greatest Showman,/b9CeobiihCx1uG1tpw8hXmpi7nm.jpg
60243,A Separation,/wQVvASmpm8jGhJBQU20OkoMcNzi.jpg
313369,La La Land,/uDO8zWDhfWwoFdKS4fzkUJt0Rf0.jpg
13398,Tokyo Godfathers,/sPC66btzQlzuRdPKiSDYZ5Hvxgc.jpg
1402,The Pursuit of Happyness,/f6l9rghSHORkWLurUGJhaKAiyjY.jpg
752,V for Vendetta,/1avD1JeaRiJX5M4ahPdZPypGoGN.jpg
10728,Faust,/rN703hMFxmkZfyEzsXvFtuFhkXE.jpg
1002185,A Million Miles Away,/kMI3tgxLAZbzGOVlorUBva0kriS.jpg
20271,Divorce Italian Style,/vZbdSpUFyFiDBBTY0AiSrN9f303.jpg
1892,Return of the Jedi,/jQYlydvHm3kUix1f8prMucrplhm.jpg
210577,Gone Girl,/ts996lKsxvjkO2yiYG0ht4qAicO.jpg
20722,La Maison en Petits Cubes,/kNGiHnbAToF1iIkN2kOTCEEXtAc.jpg
785084,The Whale,/jQ0gylJMxWSL490sy0RrPj1Lj7e.jpg
522212,Just Mercy,/4YJNp1cquIkX8JxFwkKNEFQ9tgr.jpg
331482,Little Women,/yn5ihODtZ7ofn8pDYfxCmxh8AXI.jpg
32085,Vincent,/jRIFN6WJOeJUInJlzRUEb6E1vkB.jpg
183011,Justice League: The Flashpoint Paradox,/ek9SvmkUfh5QwRGIfK0il4Dfnpe.jpg
667520,A Whisker Away,/6inkRM1XGBG5vRhclCPWfMenp7N.jpg
3112,The Night of the Hunter,/rBka0nFWiHxabHRLr0KfIA8Yiaq.jpg
3034,Young Frankenstein,/tQJAWbIjvvqVKLLbIZHtwGw2HTf.jpg
3083,Mr. Smith Goes to Washington,/nDjg1fbNyq15excNDl3acd2IqAk.jpg
11036,The Notebook,/rNzQyW4f8B8cQeg7Dgj3n6eT5k9.jpg
438695,Sing 2,/aWeKITRFbbwY8txG5uCj4rMCfSP.jpg
804,Roman Holiday,/8lI9dmz1RH20FAqltkGelY1v4BE.jpg
31442,Ivan's Childhood,/vmRWSLP1DE9WTta0hfzIafJ0dID.jpg
503314,Dragon Ball Super: Broly,/f03YksE4NggUjG75toz4H1YAGRf.jpg
665,Ben-Hur,/m4WQ1dBIrEIHZNCoAjdpxwSKWyH.jpg
25538,Yi Yi,/hTPkCpK9SLGDMXRbUwzoep0MxOx.jpg
3870,1900,/deWzfCC59tmtEQvKSmflDe14FvR.jpg
827,Diabolique,/pNcwhz3Eyfn3KQ2XykTozbARMpr.jpg
393,Kill Bill: Vol. 2,/2yhg0mZQMhDyvUQ4rG1IZ4oIA8L.jpg
833,Umberto D.,/5I7SYsNQmZRZpQ2MAarIQYU9vaX.jpg
698508,Redeeming Love,/mV3vomFNiCQbSowGrp2penDGRqJ.jpg
652722,In the Arms of an Assassin,/iqRUOtbDunNq7gTux3zXz25Krwp.jpg
16,Dancer in the Dark,/uXvyCRpoTRLSEia59Yj7nAZOSej.jpg
662,La Jetée,/sqbvjbJRzTduUj4lVm2FmPkqJkS.jpg
940721,Godzilla Minus One,/fk62hm95sVNHy5Lkx3d18wj1v19.jpg
369557,Sing Street,/sUWpVlrvzU2SJbnVZqIeKulPKwk.jpg
14836,Coraline,/4jeFXQYytChdZYE9JYO7Un87IlW.jpg
527774,Raya and the Last Dragon,/lPsD10PP4rgUGiGR4CCXA6iY0QQ.jpg
48035,Ordet,/e3oh96Zrqdaku8DoD10pXZHLZoU.jpg
715931,Emancipation,/s9sUK1vAaOcxJfKzNTszrNkPhkH.jpg
381341,Perfect Strangers,/3wknM629Vryofb1HNo2YnLQnQyn.jpg
198,To Be or Not to Be,/dDQRpEoyjHT4fzw9cNklIvZuXYg.jpg
265195,Wild Tales,/vmeCDuWJ6B2cqi9f3QFyIwRKqFV.jpg
17295,The Battle of Algiers,/Df9SP4FgPMrIQBw5WOGtSi3fnT.jpg
30017,Close-Up,/m9HG2N9ZKCmNN9qOHJTNyy18wn3.jpg
180147,We Are the Nobles,/40JLnLz5KEQeZnUCKD3zf8sQJFx.jpg
505192,Shoplifters,/4nfRUOv3LX5zLn98WS1WqVBk9E9.jpg
632322,All My Life,/xoKZ4ZkVApcTaTYlGoZ3J8xcIzG.jpg
94047,My Way,/3moPqIC1EBFilLI3YJNa5Nfel3e.jpg
275,Fargo,/rt7cpEr1uP6RTZykBFhBTcRaKvG.jpg
594634,Close to the Horizon,/zrpTa8JxNqd87G7HIqnynp9HpUc.jpg
430424,See You Up There,/pkO5YoznMR9neuHVzhxHK9JJpAj.jpg
152601,Her,/eCOtqtfvn7mxGl6nfmq4b1exJRc.jpg
379170,Sherlock: The Abominable Bride,/hibE8cyZs2Bm0o4WaWd1pppvjO2.jpg
354857,Regular Show: The Movie,/p44RoW4naoE1nlSGOqqT0J2pc09.jpg
266856,The Theory of Everything,/7rIIrOFrbdi2ucAMKoHSaMv8FDN.jpg
25364,Ace in the Hole,/gPVPzHEsJBX02HtBtIQgYnfeqNQ.jpg
1607,A Bronx Tale,/sDbO6LmLYtyqAoFTPpRcMgPSCEO.jpg
613,Downfall,/cP1ElGjBhbZAAqmueXjHDKlSwiP.jpg
11293,Paper Moon,/3GHG0kTcBWHKdXjj3RdK8GjBCd6.jpg
453,A Beautiful Mind,/zwzWCmH72OSC9NA0ipoqw5Zjya8.jpg
113,"Spring, Summer, Fall, Winter... and Spring",/6SQQ5REuAz7k0FMQ9mSCT40T2LN.jpg
937746,Io Capitano,/j5mbcloDtDMhpvuoNsNXSsAetzY.jpg
712454,The Summit of the Gods,/iowz7MwaTWMYlfLUE6GeM0m3Hze.jpg
29455,Winter Light,/wDxrEssdjFWYwIZLbr06RQNcg1q.jpg
52629,El Infierno,/jeiBaHvMZhWtdWYyJGjYRhcW8ob.jpg
399174,Isle of Dogs,/c0nUX6Q1ZB0P2t1Jo6EeFSVnOGQ.jpg
435129,The Breadwinner,/2d6qmkJz9AWqmk9wBWtd2uFX89t.jpg
24238,Mary and Max,/b4LKlquh0ls5Rgb27QLPlkC7Oya.jpg
581,Dances with Wolves,/cvaBVpS0GzKqBd63pFT8f1E8OKv.jpg
235,Stand by Me,/vz0w9BSehcqjDcJOjRaCk7fgJe7.jpg
24167,Two Women,/biWDAUQD58enMEcyO2BqIVSycF4.jpg
631,Sunrise: A Song of Two Humans,/oj8ZW8jKXBSs8F1e5iWsTUeXSJW.jpg
89,Indiana Jones and the Last Crusade,/sizg1AU8f8JDZX4QIgE4pjUMBvx.jpg
579245,The Specials,/zJziqrnSOzKiV0TrNVZ3AS0NMKI.jpg
546554,Knives Out,/pThyQovXQrw2m0s9x82twj48Jq4.jpg
5924,Papillon,/356oqQpug682OERsWV0bGZ0YxwQ.jpg
